student_id,semester,previous_cgpa,attendance,internal_marks,assignment_completion,lab_marks,backlogs,study_hours,performance_category
S1001,3,8.26,84.05,38.72,80.31,88.09,0,2.58,AVERAGE
S1002,1,6.41,91.98,62.5,97.64,63.12,0,6.07,GOOD
S1003,3,8.72,93.82,42.74,62.25,95.04,3,6.86,GOOD
S1004,2,7.84,71.69,44.14,65.5,76.0,3,1.57,AVERAGE
S1005,6,4.52,72.57,72.94,88.73,42.3,3,7.17,AVERAGE
S1006,1,9.37,87.39,58.58,70.35,90.76,4,6.58,GOOD
S1007,3,8.19,61.67,90.31,84.19,65.82,2,7.09,AVERAGE
S1008,6,8.32,89.38,54.15,67.58,43.92,4,5.89,AVERAGE
S1009,6,4.7,71.19,78.57,52.93,44.62,3,5.72,AVERAGE
S1010,4,6.48,51.14,62.67,84.71,78.31,1,4.68,GOOD
S1011,2,6.04,48.82,74.6,47.87,37.98,4,5.57,AT RISK
S1012,3,9.1,89.63,70.98,51.92,53.06,0,7.43,GOOD
S1013,2,7.54,47.95,63.37,77.61,43.81,2,1.7,AVERAGE
S1014,5,8.53,59.87,92.0,84.84,62.79,4,3.21,AVERAGE
S1015,3,6.44,62.71,55.56,93.68,61.1,3,1.51,AT RISK
S1016,5,5.25,54.17,45.63,56.36,67.88,4,7.61,AT RISK
S1017,5,7.05,61.64,75.69,46.64,52.62,0,4.12,AVERAGE
S1018,7,4.35,84.36,85.76,97.36,37.02,2,5.73,AVERAGE
S1019,3,8.55,45.78,37.42,49.27,73.71,3,6.89,AT RISK
S1020,7,7.47,88.84,61.98,51.86,58.54,3,7.94,AVERAGE
S1021,3,8.17,90.4,88.55,57.48,76.03,4,2.13,GOOD
S1022,5,5.95,64.73,79.98,71.76,41.85,2,6.6,AVERAGE
S1023,5,9.34,53.14,94.51,92.97,35.87,3,7.21,GOOD
S1024,6,8.91,76.84,66.88,85.63,50.64,2,1.34,GOOD
S1025,4,8.28,51.34,74.6,82.49,63.76,4,6.28,AVERAGE
S1026,6,5.07,64.34,53.15,50.51,59.83,0,3.48,AT RISK
S1027,3,6.57,95.8,91.85,61.46,86.05,1,5.54,GOOD
S1028,4,4.24,97.76,56.98,68.7,58.8,0,4.6,AVERAGE
S1029,4,4.85,85.92,79.31,48.85,68.42,3,2.82,AVERAGE
S1030,5,7.76,61.48,59.19,56.41,72.39,1,1.95,AVERAGE
S1031,5,8.1,81.45,68.71,58.5,36.38,1,1.82,AVERAGE
S1032,1,9.32,82.39,78.19,47.64,67.45,4,1.72,GOOD
S1033,6,5.79,65.56,65.54,73.01,56.72,1,5.46,AVERAGE
S1034,6,6.04,78.97,89.43,82.3,61.54,0,3.46,GOOD
S1035,1,6.58,45.57,60.16,44.2,41.32,0,2.52,AT RISK
S1036,7,5.04,56.08,73.82,68.87,84.32,1,5.84,AVERAGE
S1037,5,4.71,72.83,55.54,86.93,94.37,4,5.81,AVERAGE
S1038,1,6.62,53.68,59.49,84.88,36.4,2,4.77,AVERAGE
S1039,4,5.25,53.79,61.4,88.9,72.89,4,7.54,AVERAGE
S1040,6,7.68,89.32,42.55,66.89,83.12,1,3.7,GOOD
S1041,2,6.4,97.42,40.5,89.23,52.94,1,6.85,GOOD
S1042,7,8.58,74.47,75.05,54.45,84.62,0,1.53,AVERAGE
S1043,3,7.85,89.47,74.33,61.65,74.84,1,6.18,GOOD
S1044,2,5.72,97.49,74.77,50.58,93.54,2,7.92,GOOD
S1045,3,8.58,52.5,36.19,68.05,96.8,4,6.93,GOOD
S1046,4,8.43,68.76,54.59,63.52,37.67,1,5.06,GOOD
S1047,5,6.13,65.81,46.87,54.46,63.03,3,5.39,AVERAGE
S1048,7,5.59,49.24,81.69,85.11,69.46,3,3.47,AT RISK
S1049,2,7.75,85.03,86.64,58.83,44.24,1,5.76,AVERAGE
S1050,7,4.77,67.99,49.8,56.37,56.19,4,6.39,AVERAGE
S1051,4,5.1,69.87,75.07,47.85,97.22,2,7.99,AVERAGE
S1052,1,4.04,52.99,42.76,66.33,36.02,0,4.45,AT RISK
S1053,7,8.33,54.59,51.51,58.18,63.51,4,1.43,AVERAGE
S1054,3,7.66,93.08,43.32,62.16,88.09,4,5.17,GOOD
S1055,5,7.88,47.37,52.01,54.16,55.41,0,1.83,AT RISK
S1056,5,8.29,57.34,75.48,85.79,65.23,4,2.71,AVERAGE
S1057,1,6.52,60.48,89.62,95.8,96.62,4,3.3,GOOD
S1058,2,7.13,70.98,47.15,69.88,64.92,4,6.12,AVERAGE
S1059,5,4.77,76.08,67.52,78.58,43.25,1,2.29,AVERAGE
S1060,3,4.63,71.14,77.08,92.03,38.26,3,2.16,AVERAGE
S1061,1,7.68,49.46,92.18,99.93,94.56,2,1.31,GOOD
S1062,1,6.59,57.91,71.6,76.81,51.75,3,7.11,GOOD
S1063,6,7.11,89.71,50.31,93.39,66.76,3,5.85,GOOD
S1064,2,8.21,78.79,72.53,94.52,40.71,3,1.28,GOOD
S1065,1,7.49,79.4,54.23,87.49,61.69,2,1.2,AVERAGE
S1066,4,7.04,80.52,93.57,67.66,93.6,3,4.91,GOOD
S1067,1,7.08,85.43,58.98,44.87,66.65,2,2.98,AVERAGE
S1068,5,5.67,48.08,76.13,40.95,96.18,0,5.18,AVERAGE
S1069,4,4.17,64.43,36.39,68.63,51.31,0,4.04,AVERAGE
S1070,5,6.4,73.59,59.0,69.66,66.79,4,7.46,AVERAGE
S1071,4,5.18,62.94,87.51,64.44,89.15,4,3.01,AVERAGE
S1072,6,6.25,89.76,71.61,74.09,63.24,2,5.75,AVERAGE
S1073,5,8.69,70.58,61.64,73.13,52.61,0,1.38,AVERAGE
S1074,3,5.29,85.74,91.16,90.2,88.89,3,7.69,GOOD
S1075,1,4.32,90.16,86.24,46.52,59.56,0,7.87,GOOD
S1076,2,5.55,71.75,54.33,53.51,68.44,1,6.17,GOOD
S1077,1,5.61,93.21,67.67,87.58,96.52,1,4.26,GOOD
S1078,1,7.64,76.12,64.39,90.87,46.75,0,2.54,AVERAGE
S1079,2,7.06,90.06,72.93,99.69,53.99,4,6.69,GOOD
S1080,2,8.31,63.05,55.05,92.37,36.96,2,6.15,AVERAGE
S1081,1,7.65,71.44,49.65,93.39,59.69,1,2.55,AVERAGE
S1082,3,6.24,73.16,89.76,58.86,47.61,2,4.16,AVERAGE
S1083,4,8.48,50.56,90.43,64.1,77.84,0,4.24,GOOD
S1084,2,4.92,66.12,85.6,56.09,46.42,2,6.78,AVERAGE
S1085,2,4.12,93.62,93.69,76.38,77.51,2,5.79,AVERAGE
S1086,1,4.5,78.43,79.7,96.33,51.6,1,5.5,AVERAGE
S1087,1,7.97,54.41,80.88,60.68,57.38,4,5.55,AVERAGE
S1088,2,6.54,62.96,80.76,73.42,56.98,1,2.89,AVERAGE
S1089,4,4.89,55.15,63.84,57.78,80.16,0,3.6,GOOD
S1090,5,6.76,46.32,62.39,50.19,64.39,2,1.32,AT RISK
S1091,6,4.84,94.16,49.41,51.71,57.76,4,6.51,AVERAGE
S1092,5,7.83,68.75,73.69,43.48,88.72,1,4.03,AT RISK
S1093,5,6.45,61.3,52.36,96.96,71.03,0,4.07,AVERAGE
S1094,7,6.1,76.72,50.47,64.17,48.47,4,2.72,AVERAGE
S1095,2,5.66,45.39,70.16,90.05,91.71,2,2.47,AVERAGE
S1096,6,7.47,59.74,59.6,80.88,56.59,0,5.11,GOOD
S1097,7,5.99,82.26,48.13,51.52,37.46,3,2.63,AT RISK
S1098,4,4.48,78.59,83.96,50.53,66.16,1,1.45,AVERAGE
S1099,6,4.65,97.04,86.63,88.72,42.81,4,6.37,AVERAGE
S1100,1,9.29,77.88,45.06,55.88,50.02,1,3.64,AT RISK
S1101,7,9.0,70.31,35.45,94.8,82.07,2,3.66,AVERAGE
S1102,4,7.85,85.36,55.17,48.4,43.24,2,4.02,GOOD
S1103,2,5.46,92.88,82.85,80.66,85.84,1,6.71,AVERAGE
S1104,1,9.33,83.2,85.35,88.87,94.03,2,3.25,GOOD
S1105,6,8.28,96.05,43.3,54.12,73.21,0,6.31,GOOD
S1106,4,7.94,86.45,81.46,56.57,79.75,3,7.58,GOOD
S1107,3,6.47,90.94,41.94,97.87,79.96,3,5.63,GOOD
S1108,3,5.5,51.05,58.4,55.88,97.55,4,4.02,AT RISK
S1109,7,4.53,83.82,94.92,65.8,56.52,1,6.23,GOOD
S1110,3,8.96,68.32,46.56,65.95,45.26,1,4.21,AVERAGE
S1111,1,6.51,74.31,44.24,55.18,67.71,2,3.9,AVERAGE
S1112,2,5.11,79.67,60.37,86.55,68.59,3,4.68,AVERAGE
S1113,2,5.68,96.4,72.18,86.31,46.21,4,3.22,GOOD
S1114,5,7.19,97.18,90.97,62.7,73.63,0,1.73,GOOD
S1115,6,4.97,60.28,93.85,90.11,35.89,1,3.9,AVERAGE
S1116,6,8.71,83.89,39.18,52.78,93.44,1,1.87,AVERAGE
S1117,5,8.17,84.75,43.28,40.26,51.67,1,3.87,AVERAGE
S1118,6,7.96,63.36,82.44,74.27,37.49,2,4.9,AVERAGE
S1119,3,6.38,51.57,51.24,99.64,41.82,4,7.51,AVERAGE
S1120,5,7.45,47.17,88.09,42.32,50.14,0,1.25,AVERAGE
S1121,1,7.21,86.2,74.81,52.48,52.26,4,5.35,GOOD
S1122,4,7.57,70.95,41.71,71.13,37.07,3,4.2,AVERAGE
S1123,4,4.46,97.23,84.95,88.6,52.6,3,1.14,AVERAGE
S1124,1,6.29,69.64,45.58,45.34,47.16,3,2.75,AT RISK
S1125,4,4.23,96.83,60.41,63.71,58.85,0,1.83,AVERAGE
S1126,6,6.72,66.81,68.13,84.82,59.27,3,2.52,AVERAGE
S1127,3,5.81,87.07,65.05,62.29,56.36,1,2.92,GOOD
S1128,4,4.79,49.5,76.17,51.33,55.66,2,3.81,AVERAGE
S1129,3,4.57,74.44,74.16,51.73,40.65,3,4.7,AVERAGE
S1130,2,7.23,87.51,94.52,64.6,36.59,3,1.01,GOOD
S1131,1,4.94,94.01,94.97,68.77,47.73,1,2.13,GOOD
S1132,3,9.09,88.6,65.99,91.71,82.67,1,1.65,GOOD
S1133,6,7.2,46.96,40.71,78.54,97.42,2,4.85,AVERAGE
S1134,7,5.91,64.75,78.67,81.42,93.5,0,3.3,AVERAGE
S1135,5,7.25,47.58,93.6,98.98,66.77,3,4.84,AVERAGE
S1136,5,4.13,50.79,54.1,64.71,68.5,0,2.55,AT RISK
S1137,5,9.27,80.79,62.67,64.2,54.82,2,1.17,GOOD
S1138,4,6.65,82.8,60.49,95.4,83.76,3,7.59,GOOD
S1139,3,8.31,86.01,38.09,54.75,83.18,0,1.76,AVERAGE
S1140,5,4.46,90.87,75.34,83.79,88.19,4,1.89,GOOD
S1141,6,6.68,84.19,56.2,85.27,91.42,1,2.03,GOOD
S1142,3,6.7,87.45,82.25,45.87,62.36,0,7.87,GOOD
S1143,4,9.16,47.6,84.93,68.09,83.31,3,5.32,AVERAGE
S1144,4,7.14,57.43,84.27,52.03,85.8,2,5.27,GOOD
S1145,2,6.6,77.96,60.0,51.12,54.43,3,7.91,GOOD
S1146,3,5.47,90.48,54.29,67.83,93.54,3,1.62,AT RISK
S1147,1,5.82,45.24,79.93,57.37,40.94,2,7.82,AVERAGE
S1148,4,6.86,72.28,83.08,87.76,97.64,4,2.43,GOOD
S1149,5,6.41,80.9,64.48,94.46,83.52,1,5.36,GOOD
S1150,5,4.12,46.57,88.58,88.16,40.88,2,3.94,AVERAGE
S1151,7,8.54,66.27,43.63,55.96,76.34,0,3.69,AVERAGE
S1152,1,8.93,92.47,87.74,56.45,37.15,3,7.52,GOOD
S1153,6,4.77,80.6,40.77,55.28,83.52,1,2.04,AVERAGE
S1154,6,7.05,57.6,44.21,48.1,85.35,3,7.98,AVERAGE
S1155,4,4.6,90.2,67.03,96.63,72.95,4,3.65,AVERAGE
S1156,2,7.7,63.45,39.05,64.12,88.98,4,5.54,AVERAGE
S1157,3,5.55,90.23,38.17,53.48,41.17,4,7.78,AVERAGE
S1158,5,7.63,60.84,35.03,90.8,52.38,0,1.4,AT RISK
S1159,7,8.0,76.29,61.18,63.95,61.09,0,7.46,GOOD
S1160,5,8.23,66.04,81.48,42.11,37.67,4,4.97,AVERAGE
S1161,4,4.59,59.57,37.09,49.72,63.24,1,5.93,AT RISK
S1162,5,9.04,91.99,74.14,78.36,51.71,0,2.04,GOOD
S1163,1,5.27,54.94,84.39,86.97,59.74,1,4.73,AVERAGE
S1164,5,4.21,49.5,45.08,52.66,61.78,4,5.71,AT RISK
S1165,1,7.05,63.12,43.81,95.04,90.4,1,4.19,AVERAGE
S1166,7,6.04,83.03,86.65,91.06,52.03,0,2.08,AVERAGE
S1167,7,8.56,87.79,84.39,90.9,91.31,3,2.71,GOOD
S1168,4,8.45,97.93,67.34,53.66,61.84,0,6.98,GOOD
S1169,3,5.74,60.71,84.15,43.03,55.65,1,1.24,AVERAGE
S1170,6,9.24,66.62,40.57,92.05,66.66,0,5.96,AVERAGE
S1171,5,5.6,52.25,58.67,58.35,61.32,3,8.0,AVERAGE
S1172,5,6.83,75.47,79.27,77.13,51.21,2,1.05,AVERAGE
S1173,4,5.41,97.87,50.45,85.6,66.67,4,2.13,AVERAGE
S1174,2,9.15,82.15,80.14,47.7,44.56,1,5.72,GOOD
S1175,1,4.91,76.55,65.25,86.85,57.17,1,1.42,AVERAGE
S1176,2,4.25,65.8,80.02,96.31,70.64,0,5.13,AVERAGE
S1177,4,6.39,93.51,62.88,83.7,61.04,1,5.79,GOOD
S1178,3,9.46,71.34,57.07,66.47,86.91,2,5.12,GOOD
S1179,4,8.9,52.12,48.15,92.6,51.17,0,3.56,AVERAGE
S1180,2,8.12,64.37,47.5,71.65,96.1,2,5.88,AVERAGE
S1181,7,8.9,48.56,80.09,84.69,84.44,4,5.16,AT RISK
S1182,3,8.91,55.7,42.13,89.23,95.96,3,2.45,AVERAGE
S1183,6,6.85,45.94,40.16,84.96,87.8,3,4.94,AVERAGE
S1184,3,5.74,69.02,45.58,57.27,43.95,4,7.17,AT RISK
S1185,4,8.25,78.63,45.52,47.07,68.17,3,5.67,AVERAGE
S1186,5,7.64,63.19,84.39,54.3,45.71,3,4.3,AVERAGE
S1187,2,6.06,67.28,58.91,70.17,86.55,4,3.25,AT RISK
S1188,2,4.52,95.84,94.42,70.32,71.8,0,1.6,GOOD
S1189,3,8.11,84.85,43.23,74.96,51.6,4,2.71,AVERAGE
S1190,6,5.44,73.67,74.21,63.71,93.56,1,1.08,AVERAGE
S1191,2,9.15,60.08,61.92,87.21,42.26,3,7.91,AVERAGE
S1192,4,5.33,92.54,58.58,94.79,70.52,4,2.56,AVERAGE
S1193,5,4.68,57.46,87.51,54.8,80.43,2,6.7,AVERAGE
S1194,5,8.57,62.24,93.54,84.19,38.71,0,2.18,GOOD
S1195,4,4.84,93.18,87.37,80.68,72.66,1,2.99,GOOD
S1196,1,4.99,73.07,46.54,71.39,86.4,2,3.93,AVERAGE
S1197,1,7.3,84.34,48.25,51.31,39.25,4,3.27,AT RISK
S1198,4,8.81,76.31,74.36,87.71,67.27,4,6.59,AVERAGE
S1199,6,5.08,79.63,52.35,97.64,51.29,2,7.7,AVERAGE
S1200,1,5.71,60.87,79.08,83.31,76.76,4,7.13,AVERAGE
S1201,7,8.28,57.79,68.99,95.07,42.48,2,2.08,AVERAGE
S1202,5,9.35,62.09,68.05,99.05,94.03,2,6.44,GOOD
S1203,1,6.75,53.24,84.71,61.12,91.37,4,2.04,AVERAGE
S1204,3,4.79,91.34,77.63,78.29,46.72,3,7.39,AVERAGE
S1205,2,4.08,60.01,36.59,68.44,55.37,2,4.63,AT RISK
S1206,7,5.26,74.76,37.97,99.2,72.02,2,3.35,AVERAGE
S1207,4,4.73,86.97,71.09,45.63,80.24,3,2.1,AVERAGE
S1208,3,7.73,86.54,64.17,64.74,62.89,3,1.08,GOOD
S1209,2,4.67,68.23,50.61,92.53,44.85,2,2.74,AT RISK
S1210,4,6.78,70.24,60.12,57.04,41.56,0,7.4,AVERAGE
S1211,1,7.82,97.72,80.47,87.27,97.99,0,6.58,GOOD
S1212,2,7.2,80.75,84.6,62.97,63.69,0,7.79,GOOD
S1213,2,5.1,88.18,68.67,98.8,89.97,2,1.71,AVERAGE
S1214,5,8.42,92.84,58.12,93.01,65.39,3,5.15,AVERAGE
S1215,5,7.93,86.74,51.24,58.08,93.11,4,2.8,AVERAGE
S1216,4,8.06,54.81,66.32,86.21,40.53,1,4.8,AVERAGE
S1217,1,4.72,74.8,53.88,60.21,42.18,3,3.24,AT RISK
S1218,3,4.68,50.4,68.85,76.38,93.57,3,2.98,AT RISK
S1219,6,9.1,79.6,75.6,79.51,94.69,0,5.02,GOOD
S1220,2,6.19,95.63,38.96,89.78,54.83,1,2.28,AVERAGE
S1221,2,5.66,72.17,35.06,41.47,57.38,1,4.28,AVERAGE
S1222,1,6.69,67.95,47.74,53.21,63.5,4,5.56,AT RISK
S1223,6,7.65,46.9,88.67,82.72,61.22,4,1.9,AVERAGE
S1224,1,9.26,95.87,73.78,73.81,46.97,4,7.51,AVERAGE
S1225,5,5.58,50.46,45.32,69.74,91.6,2,4.54,AVERAGE
S1226,7,9.09,47.18,88.42,43.31,50.96,2,6.74,GOOD
S1227,5,4.14,58.04,63.2,60.9,79.43,1,5.58,AVERAGE
S1228,3,7.05,48.47,63.57,91.91,39.23,3,5.97,AVERAGE
S1229,2,7.49,69.12,91.13,41.85,37.44,0,6.01,GOOD
S1230,1,4.58,72.35,38.57,63.79,76.19,1,7.13,AT RISK
S1231,2,4.77,61.57,47.91,96.71,56.36,0,5.3,AT RISK
S1232,7,6.31,47.7,70.15,43.05,76.29,2,2.95,AVERAGE
S1233,2,9.31,50.91,46.73,84.98,40.92,1,1.7,GOOD
S1234,1,7.28,65.38,75.77,55.46,94.84,0,5.24,GOOD
S1235,6,9.13,48.21,47.85,92.0,82.16,1,1.46,AVERAGE
S1236,3,8.42,82.0,40.95,84.76,90.2,4,2.69,AT RISK
S1237,3,6.57,55.97,47.42,93.14,43.6,2,1.42,AT RISK
S1238,6,8.32,61.01,60.36,52.96,55.17,4,4.84,AVERAGE
S1239,4,4.1,65.89,45.57,71.88,58.21,4,2.12,AT RISK
S1240,7,4.6,67.08,43.08,86.76,68.84,4,5.27,AT RISK
S1241,4,8.56,45.09,86.62,54.74,53.7,1,6.54,AVERAGE
S1242,5,8.38,50.94,54.22,53.84,38.82,4,6.75,AVERAGE
S1243,7,5.28,90.73,56.65,41.63,58.24,4,3.17,AVERAGE
S1244,4,6.92,45.07,38.32,97.51,51.04,4,4.84,AVERAGE
S1245,2,7.33,71.93,56.44,82.6,59.31,1,4.94,GOOD
S1246,7,8.77,70.94,50.89,78.13,47.41,1,4.31,AVERAGE
S1247,2,7.32,62.65,71.63,84.64,51.5,2,5.59,AVERAGE
S1248,1,6.27,67.86,47.32,71.9,74.5,4,2.47,AVERAGE
S1249,5,6.06,86.37,88.3,68.57,59.45,4,7.85,AVERAGE
S1250,7,6.34,89.58,90.78,66.97,56.76,2,1.69,GOOD
S1251,1,7.59,58.8,40.99,78.43,68.64,0,6.8,GOOD
S1252,6,8.77,62.09,41.44,52.09,83.63,2,5.16,AVERAGE
S1253,6,6.5,57.85,41.92,93.28,58.87,3,2.71,AVERAGE
S1254,7,5.36,70.43,72.17,88.71,72.01,2,6.22,GOOD
S1255,3,5.3,81.21,42.32,60.97,95.87,1,1.59,AVERAGE
S1256,2,8.1,57.1,86.14,74.72,67.88,1,6.42,AVERAGE
S1257,4,8.49,62.53,80.26,48.46,92.32,0,5.13,GOOD
S1258,1,4.58,94.31,84.19,98.34,85.0,1,1.78,AVERAGE
S1259,6,4.37,47.57,66.56,94.17,38.7,3,1.56,AT RISK
S1260,5,7.27,69.42,94.8,95.31,62.03,1,6.26,AVERAGE
S1261,4,4.8,82.71,37.65,59.93,78.99,4,3.05,AVERAGE
S1262,4,8.54,52.97,59.08,50.15,97.16,0,7.23,AVERAGE
S1263,5,5.71,47.51,54.44,52.71,63.88,2,6.33,AVERAGE
S1264,4,4.79,52.32,91.92,45.4,40.85,2,5.89,AVERAGE
S1265,6,9.07,93.7,69.61,47.21,70.41,4,2.95,GOOD
S1266,7,4.91,45.49,83.37,44.28,42.97,4,5.96,AVERAGE
S1267,7,5.57,54.98,45.22,99.39,82.35,2,7.64,AVERAGE
S1268,5,4.84,46.66,93.72,44.44,66.98,3,1.64,AVERAGE
S1269,6,4.64,50.86,64.92,47.95,80.58,3,3.28,AT RISK
S1270,3,4.12,77.87,64.62,89.64,89.77,2,2.64,GOOD
S1271,1,4.3,57.81,93.25,74.81,74.62,0,3.75,AVERAGE
S1272,3,4.96,75.17,57.84,86.47,73.58,2,6.2,AVERAGE
S1273,7,4.29,76.28,58.85,77.85,82.54,1,4.32,GOOD
S1274,1,7.25,90.02,70.09,92.93,88.07,2,5.0,GOOD
S1275,4,7.74,45.25,42.68,78.31,89.75,3,3.2,AVERAGE
S1276,2,6.16,90.23,54.27,71.33,37.3,1,1.99,AT RISK
S1277,4,5.75,77.81,46.59,82.76,70.04,1,2.87,AVERAGE
S1278,2,6.77,53.63,41.2,66.84,48.62,4,7.02,GOOD
S1279,6,8.81,85.97,86.97,60.76,89.2,1,5.22,GOOD
S1280,6,8.68,90.34,70.36,68.06,75.85,0,3.65,GOOD
S1281,6,4.24,58.48,56.52,50.18,61.47,3,6.53,AT RISK
S1282,5,5.0,93.7,59.52,87.79,46.85,3,1.45,AVERAGE
S1283,2,5.3,69.09,60.89,55.64,56.36,4,2.78,AT RISK
S1284,4,5.37,76.98,72.99,49.21,79.34,3,2.61,AVERAGE
S1285,1,7.14,97.19,90.61,54.78,47.87,4,7.9,GOOD
S1286,3,6.29,64.16,90.97,90.52,40.9,2,5.94,GOOD
S1287,4,4.27,88.1,58.49,59.81,90.95,1,5.32,AVERAGE
S1288,5,6.05,61.88,54.76,81.16,83.15,4,1.03,AT RISK
S1289,1,6.88,87.36,62.06,91.38,47.59,1,2.29,AVERAGE
S1290,6,4.56,76.84,69.08,44.66,53.42,1,5.45,AVERAGE
S1291,4,8.58,56.47,62.71,85.9,96.24,4,3.66,GOOD
S1292,7,4.29,66.94,74.53,58.46,79.62,4,7.47,GOOD
S1293,4,9.09,61.83,68.26,53.0,73.46,1,6.35,AVERAGE
S1294,4,4.55,49.14,54.24,81.33,54.38,3,4.13,AVERAGE
S1295,5,8.64,46.58,55.74,94.59,53.84,4,6.25,GOOD
S1296,6,8.96,63.36,57.72,57.7,37.49,3,7.83,AVERAGE
S1297,2,9.39,46.01,40.68,74.13,80.89,0,4.23,AVERAGE
S1298,4,8.41,53.77,44.96,57.39,37.72,3,5.5,AVERAGE
S1299,1,8.29,83.43,78.39,73.26,35.31,0,7.43,GOOD
S1300,4,7.53,82.53,58.35,77.31,80.96,4,2.74,AVERAGE
S1301,6,8.28,84.14,47.87,76.62,94.78,0,7.21,GOOD
S1302,7,4.74,61.81,68.76,77.41,82.66,4,1.68,AT RISK
S1303,2,6.95,92.17,80.33,48.1,64.71,0,5.54,GOOD
S1304,3,6.83,76.47,50.45,81.61,65.62,2,6.48,GOOD
S1305,4,8.72,51.68,84.61,80.49,62.48,1,5.3,GOOD
S1306,3,6.55,52.62,90.65,80.96,55.45,4,4.47,AVERAGE
S1307,2,6.12,81.73,70.84,44.44,67.87,1,5.32,GOOD
S1308,3,7.52,54.17,75.14,66.81,62.16,3,2.06,AVERAGE
S1309,3,5.47,71.89,38.15,64.54,72.68,0,2.51,AVERAGE
S1310,4,4.77,97.56,91.73,45.2,91.58,2,2.89,GOOD
S1311,7,6.63,45.21,58.55,53.34,97.69,4,5.18,AVERAGE
S1312,4,6.29,45.88,90.43,66.46,39.96,4,4.09,AVERAGE
S1313,3,5.28,97.63,69.74,84.57,59.24,1,2.71,GOOD
S1314,5,6.02,75.99,35.28,54.22,46.38,1,7.18,AVERAGE
S1315,6,6.02,51.73,37.31,89.78,57.18,2,3.62,AVERAGE
S1316,4,5.8,92.56,75.83,72.75,53.11,2,4.12,AVERAGE
S1317,4,6.09,91.66,68.76,85.63,46.0,2,3.87,AVERAGE
S1318,2,7.77,73.42,36.59,68.35,83.14,0,2.27,AVERAGE
S1319,7,5.63,77.95,79.61,69.95,66.27,3,6.12,AVERAGE
S1320,7,9.22,59.48,86.13,77.18,92.91,1,4.14,GOOD
S1321,2,9.04,47.68,64.79,95.68,37.05,1,1.11,AVERAGE
S1322,3,6.65,76.51,62.95,69.51,39.22,4,7.75,GOOD
S1323,2,5.81,60.62,35.33,71.72,60.41,3,6.71,AVERAGE
S1324,7,6.94,80.17,82.2,76.12,40.06,1,6.06,GOOD
S1325,1,8.67,89.32,54.84,84.25,51.55,4,7.08,GOOD
S1326,2,7.59,45.96,87.73,44.31,97.12,1,7.35,AVERAGE
S1327,3,8.42,76.57,57.38,70.94,48.16,2,3.36,GOOD
S1328,4,6.93,57.26,68.9,68.9,47.48,1,5.28,AVERAGE
S1329,2,7.48,91.32,51.22,95.3,71.14,0,5.26,AVERAGE
S1330,4,5.58,58.44,44.64,69.61,66.37,2,2.87,AVERAGE
S1331,6,8.04,77.37,81.49,68.1,71.57,2,2.55,GOOD
S1332,6,5.11,74.34,64.8,97.73,58.73,4,1.8,AVERAGE
S1333,1,7.82,66.0,67.19,67.03,87.09,1,5.62,GOOD
S1334,1,8.73,80.91,92.92,50.85,43.73,4,6.47,GOOD
S1335,1,4.73,83.47,92.81,53.01,61.99,3,6.33,AVERAGE
S1336,7,7.38,75.05,86.34,45.71,78.45,0,3.21,GOOD
S1337,5,4.52,85.2,46.26,40.03,89.7,3,2.44,AT RISK
S1338,4,7.99,97.12,70.66,65.92,58.28,2,4.18,AVERAGE
S1339,6,4.46,67.22,87.69,86.15,70.77,1,4.83,GOOD
S1340,5,9.15,72.27,57.47,84.01,39.36,2,7.43,GOOD
S1341,2,4.76,45.66,41.07,41.93,45.73,1,7.12,AT RISK
S1342,4,9.27,87.19,83.66,74.2,39.36,3,7.41,GOOD
S1343,5,8.4,72.57,63.91,49.26,80.86,2,6.95,GOOD
S1344,1,7.27,66.62,68.86,96.46,53.15,2,7.75,GOOD
S1345,5,8.3,49.99,93.93,50.04,80.6,1,4.26,GOOD
S1346,4,8.37,92.15,71.43,77.6,39.18,1,1.33,AVERAGE
S1347,1,9.2,65.94,60.5,59.57,89.34,2,1.58,AVERAGE
S1348,2,5.39,81.18,57.2,78.49,87.64,2,3.73,AVERAGE
S1349,4,7.25,52.92,60.06,64.74,40.6,1,2.8,AT RISK
S1350,3,4.52,95.96,42.1,85.58,36.5,2,2.19,AT RISK
S1351,3,7.39,54.46,82.69,53.84,38.55,1,7.67,GOOD
S1352,5,4.94,55.58,85.26,94.35,88.78,2,2.37,AVERAGE
S1353,3,7.11,90.53,52.06,70.01,49.79,0,7.72,AVERAGE
S1354,4,7.15,93.37,53.23,85.37,69.54,2,6.33,AVERAGE
S1355,6,6.56,56.24,87.46,90.98,61.85,3,5.49,AVERAGE
S1356,1,6.87,69.9,36.44,99.93,85.12,4,5.73,GOOD
S1357,3,8.2,83.88,66.23,53.44,65.8,3,3.32,AVERAGE
S1358,1,8.4,91.55,62.82,57.21,66.54,3,5.52,GOOD
S1359,7,6.71,65.09,76.41,55.03,97.31,0,2.31,GOOD
S1360,2,7.3,72.4,44.8,55.77,44.46,1,7.56,AVERAGE
S1361,6,9.12,84.31,75.1,74.95,87.33,3,3.11,AVERAGE
S1362,2,4.66,83.75,57.6,99.61,38.26,4,2.79,AVERAGE
S1363,3,4.64,86.5,72.12,99.42,65.09,2,5.98,AVERAGE
S1364,5,4.48,75.21,37.41,71.61,90.84,4,5.6,AVERAGE
S1365,6,7.62,50.54,62.7,78.34,76.91,1,4.16,AVERAGE
S1366,2,6.3,92.91,66.34,91.6,78.17,0,5.43,GOOD
S1367,2,8.26,90.88,47.86,95.98,51.59,0,2.12,GOOD
S1368,7,7.69,87.3,43.38,52.23,61.37,2,5.71,AVERAGE
S1369,3,5.84,50.29,46.31,71.71,58.09,3,2.89,AVERAGE
S1370,2,8.94,55.83,55.65,89.97,67.85,1,2.91,AVERAGE
S1371,6,8.19,84.41,40.81,58.19,64.12,3,2.14,AVERAGE
S1372,1,5.49,46.23,91.84,66.39,55.59,3,3.33,GOOD
S1373,7,6.0,96.9,59.3,99.14,54.25,1,3.32,GOOD
S1374,7,5.73,64.99,83.54,99.1,50.8,1,4.18,AVERAGE
S1375,6,4.87,83.12,93.47,94.37,58.0,3,2.33,GOOD
S1376,3,4.81,92.04,39.84,87.91,44.45,3,2.35,AT RISK
S1377,1,9.15,65.92,74.1,56.15,89.94,0,4.79,AVERAGE
S1378,3,6.41,61.91,87.28,59.25,72.93,1,1.9,GOOD
S1379,3,6.11,77.26,73.05,72.84,43.43,2,5.82,AVERAGE
S1380,7,8.01,75.79,60.74,73.65,78.71,2,7.61,GOOD
S1381,5,7.04,66.68,60.86,70.33,88.4,0,3.99,AVERAGE
S1382,7,9.15,76.89,37.15,78.2,49.96,4,7.31,AVERAGE
S1383,6,8.29,94.58,67.08,64.5,44.49,1,1.69,GOOD
S1384,6,6.64,69.78,94.61,84.95,35.54,1,1.3,GOOD
S1385,1,6.07,55.43,92.52,60.01,37.98,0,6.05,AVERAGE
S1386,1,9.43,64.99,37.42,59.84,83.02,4,6.33,GOOD
S1387,1,7.95,65.89,77.35,47.63,97.19,1,6.9,GOOD
S1388,5,9.23,51.95,53.11,51.32,37.83,4,1.4,AT RISK
S1389,2,4.65,53.63,89.18,91.03,82.13,2,6.44,AVERAGE
S1390,7,8.68,81.28,37.71,66.78,39.53,4,3.64,GOOD
S1391,1,7.5,62.99,91.15,53.67,72.3,0,3.12,GOOD
S1392,7,4.67,95.61,85.25,85.56,82.63,0,2.21,GOOD
S1393,5,7.24,57.91,42.05,73.24,57.63,4,7.97,AVERAGE
S1394,1,7.77,50.24,38.59,41.27,35.69,4,1.45,AT RISK
S1395,1,4.07,84.94,85.08,58.98,72.5,2,6.79,GOOD
S1396,3,6.5,91.69,44.35,50.62,97.45,0,5.48,GOOD
S1397,3,8.54,59.74,67.09,79.35,51.23,4,6.15,GOOD
S1398,3,5.62,55.71,89.94,56.5,46.94,1,5.98,AVERAGE
S1399,4,6.52,54.85,69.05,43.9,42.81,4,7.01,AVERAGE
S1400,1,6.43,72.67,58.83,43.3,69.98,4,2.29,AT RISK
S1401,1,5.66,69.83,61.7,74.9,72.58,4,1.01,AT RISK
S1402,5,9.05,58.75,38.79,41.3,84.91,3,5.19,AVERAGE
S1403,7,8.3,47.39,93.13,90.93,82.44,3,3.48,GOOD
S1404,2,4.61,70.52,53.64,49.32,91.23,2,1.87,AVERAGE
S1405,7,9.48,95.84,46.36,76.39,85.76,0,2.3,AVERAGE
S1406,3,8.84,79.58,52.16,66.68,50.58,1,3.32,GOOD
S1407,3,5.56,71.26,92.86,66.57,70.02,3,1.49,GOOD
S1408,1,8.6,50.87,40.66,44.31,53.74,4,1.4,AVERAGE
S1409,3,4.59,58.38,87.04,88.17,55.78,2,7.41,AVERAGE
S1410,4,9.5,60.62,77.47,93.58,93.71,3,3.18,GOOD
S1411,5,7.66,85.53,84.8,40.66,77.96,0,7.88,GOOD
S1412,2,7.58,91.47,93.55,50.72,96.4,2,7.75,GOOD
S1413,2,4.5,92.79,85.53,94.23,61.27,2,2.0,AVERAGE
S1414,4,8.93,97.18,91.6,72.97,68.86,4,6.0,GOOD
S1415,1,4.16,97.07,42.62,49.0,65.69,1,5.21,AVERAGE
S1416,2,5.32,95.51,82.75,52.17,41.76,1,5.83,AVERAGE
S1417,5,4.79,48.81,67.74,79.6,49.91,1,1.67,AVERAGE
S1418,7,8.27,52.3,67.61,83.49,68.24,0,2.32,GOOD
S1419,5,5.09,61.14,88.94,75.97,39.24,2,1.54,AVERAGE
S1420,2,9.01,74.3,93.31,97.19,93.68,3,5.23,GOOD
S1421,7,7.61,50.14,77.29,69.64,42.8,4,7.91,GOOD
S1422,4,4.2,89.83,63.98,58.02,47.47,4,5.7,AVERAGE
S1423,6,4.03,77.69,62.38,68.63,83.22,0,5.98,AVERAGE
S1424,2,4.28,73.75,58.18,61.58,41.11,1,7.89,AT RISK
S1425,5,7.33,53.76,56.7,53.46,91.72,1,5.75,GOOD
S1426,1,8.41,58.42,58.49,42.76,80.72,1,1.28,AVERAGE
S1427,5,5.31,53.5,40.39,61.13,39.32,4,7.07,AVERAGE
S1428,2,8.67,90.15,39.65,82.68,78.59,0,3.55,AVERAGE
S1429,7,4.31,75.96,81.79,41.11,74.79,0,1.03,AVERAGE
S1430,1,8.41,83.96,61.76,66.35,82.71,4,4.55,GOOD
S1431,5,9.1,60.69,90.84,78.64,87.18,4,7.56,GOOD
S1432,1,8.25,64.68,71.73,76.62,80.26,1,2.8,AVERAGE
S1433,5,7.84,66.46,37.11,86.6,71.93,1,4.44,GOOD
S1434,4,8.61,85.28,44.45,88.63,55.32,2,2.22,GOOD
S1435,7,4.22,85.93,47.35,82.7,78.93,2,1.4,AVERAGE
S1436,5,5.11,55.96,93.54,46.17,95.29,4,1.56,AVERAGE
S1437,3,4.69,94.9,48.12,68.5,72.01,2,6.09,AVERAGE
S1438,1,6.77,51.39,65.95,76.2,76.85,0,7.05,AVERAGE
S1439,5,8.1,92.49,91.17,54.73,62.54,2,2.0,AVERAGE
S1440,4,7.47,50.32,93.63,42.55,82.64,2,3.02,AT RISK
S1441,1,8.68,59.02,49.18,53.42,97.85,2,2.37,GOOD
S1442,5,4.85,89.86,37.95,67.29,45.1,2,1.19,AVERAGE
S1443,2,8.04,54.51,44.22,64.84,47.75,4,4.87,AVERAGE
S1444,2,5.06,66.92,38.8,50.6,68.98,4,5.9,AVERAGE
S1445,1,5.49,68.84,46.71,89.46,65.33,1,5.54,AVERAGE
S1446,3,7.9,58.0,69.11,95.54,71.01,1,3.72,GOOD
S1447,2,9.39,82.64,89.75,52.08,38.09,3,4.89,AVERAGE
S1448,1,7.36,90.12,67.23,95.77,60.47,2,1.66,AVERAGE
S1449,4,4.3,91.35,72.56,41.07,71.73,2,2.08,AVERAGE
S1450,2,7.39,62.98,47.11,95.5,71.87,0,7.52,GOOD
S1451,1,4.23,73.14,83.04,97.12,76.41,1,6.33,GOOD
S1452,4,8.86,58.17,72.07,40.72,80.37,3,7.46,GOOD
S1453,1,7.9,57.97,86.85,85.78,75.42,4,7.42,AVERAGE
S1454,7,4.95,53.55,91.93,98.21,84.79,3,5.55,GOOD
S1455,4,4.5,94.82,55.87,94.35,74.36,1,7.5,GOOD
S1456,7,5.01,92.06,40.43,98.24,68.86,0,3.92,GOOD
S1457,7,9.39,86.2,48.56,73.02,73.19,0,1.03,GOOD
S1458,7,6.52,72.44,61.27,44.69,41.38,1,1.44,AT RISK
S1459,4,8.31,71.0,91.74,90.99,52.21,2,1.77,GOOD
S1460,3,7.5,73.08,57.7,76.83,68.23,4,1.67,AVERAGE
S1461,6,7.15,73.44,81.25,76.88,90.0,4,3.46,AVERAGE
S1462,1,4.8,68.03,67.43,65.04,77.78,0,5.91,AVERAGE
S1463,6,9.2,51.98,45.97,74.31,40.7,3,6.53,GOOD
S1464,3,5.66,51.66,54.24,49.21,72.31,1,5.13,AVERAGE
S1465,1,7.18,95.47,74.19,84.39,48.97,0,2.03,AVERAGE
S1466,2,7.85,70.55,75.37,44.5,81.24,2,6.24,AVERAGE
S1467,2,7.57,95.52,61.09,83.79,87.13,0,3.48,GOOD
S1468,1,9.17,53.67,48.72,90.94,72.39,1,1.09,AVERAGE
S1469,5,4.82,74.38,78.31,68.35,72.26,2,2.96,AVERAGE
S1470,1,6.8,56.01,45.13,70.59,56.33,1,3.31,AVERAGE
S1471,6,6.22,58.42,91.2,58.73,63.11,2,2.92,AT RISK
S1472,4,6.61,46.59,46.27,98.17,89.44,2,6.68,GOOD
S1473,6,4.66,51.3,41.44,83.99,80.57,3,6.32,AVERAGE
S1474,3,4.74,93.59,64.86,62.14,67.74,0,5.87,GOOD
S1475,1,5.53,62.04,66.17,50.49,58.2,0,1.97,AVERAGE
S1476,2,5.68,77.23,65.49,53.17,38.17,2,6.65,GOOD
S1477,5,6.35,69.65,61.2,67.84,44.01,1,5.74,AVERAGE
S1478,6,7.36,66.22,94.69,96.55,47.16,3,2.36,GOOD
S1479,2,7.49,73.19,64.18,84.05,58.52,0,5.54,GOOD
S1480,3,6.26,54.92,63.68,52.91,94.48,2,4.38,AVERAGE
S1481,7,6.25,97.4,60.31,91.57,66.82,4,4.08,GOOD
S1482,6,5.2,88.37,39.01,62.69,49.79,0,1.78,AVERAGE
S1483,3,7.24,84.31,70.58,91.1,41.66,1,4.63,GOOD
S1484,2,5.74,69.84,48.68,54.5,56.31,4,1.7,AT RISK
S1485,3,4.2,53.1,73.26,77.12,86.39,2,2.15,AVERAGE
S1486,4,6.3,93.8,38.05,95.6,59.15,0,1.93,AVERAGE
S1487,4,6.61,63.09,93.88,55.47,83.67,1,7.68,GOOD
S1488,2,5.24,47.66,63.14,81.58,85.57,3,2.99,AVERAGE
S1489,1,7.15,63.15,88.81,99.24,41.98,4,3.49,AVERAGE
S1490,4,7.11,87.11,63.53,49.04,73.35,1,3.25,AVERAGE
S1491,6,7.86,78.0,38.62,45.3,95.42,2,7.29,AVERAGE
S1492,2,7.56,84.79,84.33,80.45,60.33,3,4.94,GOOD
S1493,3,7.59,87.06,73.89,60.38,38.21,0,7.43,AVERAGE
S1494,2,5.74,56.23,81.91,44.27,93.17,1,3.1,AT RISK
S1495,2,8.33,93.96,60.69,68.52,90.67,3,1.8,GOOD
S1496,5,7.02,68.21,73.28,85.23,67.89,0,4.89,GOOD
S1497,3,6.37,78.87,86.37,57.11,69.79,3,3.42,GOOD
S1498,2,7.44,45.12,72.86,60.1,48.34,2,6.61,AVERAGE
S1499,7,5.98,97.65,55.86,90.74,86.63,4,7.16,AVERAGE
S1500,2,6.82,59.89,74.75,71.2,66.41,0,4.31,AVERAGE
